"country","GDP_year","GDP","population","gini","taxes","fertility","mortaliy_under5"
Albania,2006,9767379279.88863,2992547.0,,,1.704,18.5
Albania,2007,10351466806.2388,2970017.0,,,1.671,17.1
Albania,2008,11127823665.7504,2947314.0,30.0,,1.654,15.8
Albania,2009,11500613161.6647,2927519.0,,,1.652,14.5
Albania,2010,11926928505.5231,2913021.0,,,1.66,13.2
Albania,2011,12230507222.1843,2905195.0,,18.0220121712647,1.673,12.1
Albania,2012,12403877841.0321,2900401.0,29.0,17.4832338190971,1.684,11.2
Albania,2013,12528163103.1195,2895092.0,,16.5032748907978,1.69,10.4
Albania,2014,12750473701.7819,2889104.0,34.6,18.3019409890441,1.688,9.9
Albania,2015,13033375121.5884,2880703.0,32.9,18.5157960517393,1.677,9.6
Albania,2016,13465406059.6498,2876101.0,33.7,17.5902283762095,1.659,9.4
Albania,2017,13977387390.5945,2873457.0,33.2,18.8874860107451,1.638,9.4
Albania,2018,14546448944.4056,2866376.0,,18.5574753953261,1.617,9.5
Andorra,2006,3875142516.24022,80995.0,,,1.24,5.7
Andorra,2007,3935330770.25056,82682.0,,,1.18,5.4
Andorra,2008,3716558398.51518,83860.0,,,1.25,5.1
Andorra,2009,3519475009.94299,84461.0,,,1.19,4.9
Andorra,2010,3449966856.68832,84454.0,,,1.27,4.6
Andorra,2011,3449688452.87021,83748.0,,,,4.4
Andorra,2012,3278085642.31738,82427.0,,,,4.1
Andorra,2013,3161792390.29564,80770.0,,,,3.9
Andorra,2014,3240978390.56079,79213.0,,,,3.7
Andorra,2015,3287458570.8604,77993.0,,,,3.5
Andorra,2016,3409412700.51704,77295.0,,,,3.4
Andorra,2017,3421211719.47501,76997.0,,,,3.2
Andorra,2018,3475566750.62972,77008.0,,,,3.1
Austria,2006,380329113681.259,8268641.0,29.6,25.0504425566822,1.41,4.8
Austria,2007,394505559258.526,8295487.0,30.6,25.3919943156154,1.38,4.6
Austria,2008,400267011848.042,8321496.0,30.4,26.0775197165623,1.42,4.5
Austria,2009,385198647266.611,8343323.0,31.5,25.2251652368968,1.39,4.4
Austria,2010,392275107258.667,8363404.0,30.3,25.2816355062362,1.44,4.3
Austria,2011,403740513438.199,8391643.0,30.8,25.4279852755305,1.43,4.2
Austria,2012,406487747903.707,8429991.0,30.5,25.92819764092,1.44,4.1
Austria,2013,406591421433.927,8479823.0,30.8,26.4151730942712,1.44,3.9
Austria,2014,409280100109.633,8546356.0,30.5,26.4178983110922,1.46,3.8
Austria,2015,413432253216.039,8642699.0,30.5,26.8261674155428,1.49,3.7
Austria,2016,421657228102.472,8736668.0,30.8,25.4191692326751,1.53,3.6
Austria,2017,431775262676.529,8797566.0,29.7,25.4236447885622,1.52,3.6
Austria,2018,442915585749.024,8840521.0,30.8,25.430348081384,1.47,3.5
Belarus,2006,44266566187.7427,9604924.0,28.3,22.2230966228065,1.335,7.8
Belarus,2007,48073493773.2612,9560953.0,29.6,23.7266987288672,1.429,7.2
Belarus,2008,52976989868.7029,9527985.0,27.8,25.3533892055523,1.488,6.6
Belarus,2009,53082941363.8271,9506765.0,27.7,18.6294706290955,1.509,6.0
Belarus,2010,57222490768.7143,9490583.0,28.6,16.321438373621,1.494,5.5
Belarus,2011,60300321142.6581,9473172.0,27.2,14.5090725642403,1.515,5.1
Belarus,2012,61317669289.2363,9464495.0,26.5,14.6629750334495,1.62,4.8
Belarus,2013,61932974220.8466,9465997.0,26.6,13.3549628478795,1.668,4.5
Belarus,2014,63002175707.5323,9474511.0,27.2,12.6977245264198,1.696,4.3
Belarus,2015,60589462935.5585,9489616.0,25.6,14.1730944654204,1.724,4.0
Belarus,2016,59058702608.9201,9501534.0,25.3,13.7882356123814,1.733,3.8
Belarus,2017,60554177331.8333,9498264.0,25.4,13.0190056104974,1.541,3.6
Belarus,2018,62461148027.2823,9483499.0,25.2,14.6725689698389,1.448,3.4
Belgium,2006,458677622724.361,10547958,28.1,25.2877504793919,1.8,4.8
Belgium,2007,475542653709.135,10625700,29.2,24.7885375338784,1.82,4.7
Belgium,2008,477667990477.055,10709973,28.4,25.2541698756848,1.85,4.6
Belgium,2009,468015547701.557,10796493,28.6,23.7814627872664,1.84,4.6
Belgium,2010,481420882905.001,10895586,28.4,24.4682424221396,1.86,4.5
Belgium,2011,489578626676.653,11038264,28.1,24.9366568094395,1.81,4.4
Belgium,2012,493197676499.208,11106932,27.5,25.8241412500612,1.8,4.3
Belgium,2013,495462648324.133,11159407,27.7,26.1908470779882,1.76,4.2
Belgium,2014,503283690440.236,11209057,28.1,26.1345254492953,1.74,4.1
Belgium,2015,513558020680.56,11274196,27.7,24.3545378057285,1.7,3.9
Belgium,2016,520063190330.958,11331422,27.6,22.8423291844664,1.68,3.8
Belgium,2017,528496260419.776,11375158,27.4,23.4471130328923,1.65,3.7
Belgium,2018,537945351170.51,11427054,27.2,23.9898290527556,1.62,3.5
Bosnia and Herzegovina,2006,15729153560.7731,3765422.0,,21.6899549903613,1.288,8.6
Bosnia and Herzegovina,2007,16650743291.5849,3762791.0,33.1,21.3942696573542,1.295,8.3
Bosnia and Herzegovina,2008,17556851230.7796,3754261.0,,20.3021131798131,1.303,7.9
Bosnia and Herzegovina,2009,17029363372.8317,3735945.0,,18.9462862896253,1.311,7.5
Bosnia and Herzegovina,2010,17176781336.7644,3705478.0,,19.685676092678,1.315,7.2
Bosnia and Herzegovina,2011,17341594485.6047,3661173.0,33.0,20.3056652821355,1.315,6.9
Bosnia and Herzegovina,2012,17199074936.9112,3604972.0,,20.4775397851709,1.313,6.7
Bosnia and Herzegovina,2013,17603228545.3329,3542598.0,,19.751544642443,1.309,6.5
Bosnia and Herzegovina,2014,17806343590.1312,3482106.0,,19.7779015559579,1.303,6.4
Bosnia and Herzegovina,2015,18356410773.0628,3429362.0,,19.934215698148,1.296,6.3
Bosnia and Herzegovina,2016,18934602269.0509,3386263.0,,19.9514915061892,1.286,6.2
Bosnia and Herzegovina,2017,19535100848.8297,3351534.0,,20.2593374095498,1.276,6.1
Bosnia and Herzegovina,2018,20265727508.4724,3323929.0,,20.4407481319936,1.265,6.0
Bulgaria,2006,45869280338.7161,7601022.0,35.7,20.9586024856237,1.44,12.4
Bulgaria,2007,48876966228.4417,7545338.0,36.1,22.8855538162622,1.49,11.8
Bulgaria,2008,51851436378.6577,7492561.0,33.6,22.1684066273517,1.56,11.4
Bulgaria,2009,50101534229.7147,7444443.0,33.8,18.9826073990539,1.66,11.1
Bulgaria,2010,50381825504.2642,7395599.0,35.7,18.5344879993123,1.57,10.9
Bulgaria,2011,51568094264.4734,7348328.0,34.3,17.7491832428873,1.51,10.4
Bulgaria,2012,51751979375.9177,7305888.0,36.0,18.9711177865646,1.5,9.9
Bulgaria,2013,51920571507.3287,7265115.0,36.6,19.9966627966496,1.48,9.2
Bulgaria,2014,52899515523.1699,7223938.0,37.4,19.5930088555487,1.53,8.6
Bulgaria,2015,55010127749.7693,7177991.0,38.6,20.2900487798284,1.53,8.1
Bulgaria,2016,57111753665.4351,7127822.0,40.6,20.2613281385094,1.54,7.7
Bulgaria,2017,59112236490.8388,7075947.0,40.4,20.1008550738846,1.56,7.4
Bulgaria,2018,60940251461.1954,7025037.0,41.3,20.173382323872,1.56,7.0
Channel Islands,2006,,152999.0,,,1.527,
Channel Islands,2007,,154644.0,,,1.547,
Channel Islands,2008,,156441.0,,,1.564,
Channel Islands,2009,,158187.0,,,1.578,
Channel Islands,2010,,159718.0,,,1.585,
Channel Islands,2011,,160990.0,,,1.586,
Channel Islands,2012,,162051.0,,,1.58,
Channel Islands,2013,,163039.0,,,1.569,
Channel Islands,2014,,164107.0,,,1.556,
Channel Islands,2015,,165387.0,,,1.541,
Channel Islands,2016,,166922.0,,,1.527,
Channel Islands,2017,,168666.0,,,1.516,
Channel Islands,2018,,170496.0,,,1.51,
Croatia,2006,61197075793.9092,4311159.0,,20.9011393134949,1.47,6.4
Croatia,2007,64298314188.4647,4310217.0,,20.7565052961668,1.48,6.1
Croatia,2008,65515772483.174,4309705.0,,20.5468511952854,1.47,5.9
Croatia,2009,60717700435.3099,4305181.0,32.6,19.6665408135383,1.5,5.7
Croatia,2010,59918313669.1671,4295427.0,32.4,19.7448967450168,1.46,5.5
Croatia,2011,59799454151.6423,4280622.0,32.3,19.1765141424098,1.41,5.3
Croatia,2012,58369186194.0968,4267558.0,32.5,19.7316344415716,1.52,5.2
Croatia,2013,58108222128.8461,4255689.0,32.0,20.2715099763155,1.46,5.1
Croatia,2014,57909810141.88,4238389.0,32.1,19.9423843681328,1.46,5.0
Croatia,2015,59318112197.5722,4203604.0,31.1,20.8456467880009,1.41,4.9
Croatia,2016,61393139836.7654,4174349.0,30.9,21.3473431088534,1.43,4.9
Croatia,2017,63504583355.145,4124531.0,30.4,21.4996965088432,1.42,4.9
Croatia,2018,65287544197.8689,4087843.0,29.7,21.8345403863804,1.47,4.8
Czech Republic,2006,197470142753.551,10238905,26.7,14.2222295228868,1.34,4.1
Czech Republic,2007,208469898850.69,10298828,26.0,14.6116900671662,1.45,3.9
Czech Republic,2008,214070259127.502,10384603,26.3,13.6730928105351,1.51,3.7
Czech Republic,2009,204100298391.036,10443936,26.2,13.5702219344919,1.51,3.5
Czech Republic,2010,209069940963.177,10474410,26.6,13.6507574751995,1.51,3.4
Czech Republic,2011,212750323790.759,10496088,26.4,14.5202634059379,1.43,3.3
Czech Republic,2012,211080224602.858,10510785,26.1,14.9287634461197,1.45,3.2
Czech Republic,2013,210983331025.624,10514272,26.5,15.0811610763803,1.46,3.1
Czech Republic,2014,215755991069.112,10525347,25.9,14.4296540586861,1.53,3.1
Czech Republic,2015,227381745549.048,10546059,25.9,14.7695604553833,1.57,3.2
Czech Republic,2016,233151067380.883,10566332,25.4,14.9127775532102,1.63,3.2
Czech Republic,2017,245202003265.939,10594438,24.9,15.0055285503497,1.69,3.2
Czech Republic,2018,253045172103.95,10629928,25.0,14.8364085391609,1.71,3.2
Denmark,2006,331090561927.791,5437272.0,25.9,31.8602911588695,1.85,4.8
Denmark,2007,334100966204.774,5461438.0,26.2,35.0930011659876,1.84,4.5
Denmark,2008,332390313313.103,5493621.0,25.2,33.4215407090296,1.89,4.4
Denmark,2009,316081423941.657,5523095.0,26.7,33.1838392200882,1.84,4.2
Denmark,2010,321995279401.502,5547683.0,27.2,32.7372366745839,1.87,4.1
Denmark,2011,326299640707.019,5570572.0,27.3,32.7534892718105,1.75,4.1
Denmark,2012,327038708713.874,5591572.0,27.8,33.4463982120414,1.73,4.1
Denmark,2013,330091094977.815,5614932.0,28.5,33.8197526581539,1.67,4.1
Denmark,2014,335436569740.648,5643475.0,28.4,36.5002916609685,1.69,4.1
Denmark,2015,343294476994.931,5683483.0,28.2,33.9216190603815,1.71,4.1
Denmark,2016,354437668050.905,5728010.0,28.2,33.2950594843919,1.79,4.1
Denmark,2017,364438964537.519,5764980.0,28.7,33.3998795843063,1.75,4.0
Denmark,2018,372367867708.325,5793636.0,28.2,32.1743661325984,1.73,3.9
Estonia,2006,1403205243.69945,1346810.0,33.7,19.9716500588989,1.58,6.5
Estonia,2007,1509478087.87613,1340680.0,31.2,20.2261844093782,1.69,5.9
Estonia,2008,1432661648.36718,1337090.0,31.9,19.2786083855032,1.72,5.4
Estonia,2009,1225873125.80184,1334515.0,31.4,21.3999468470274,1.7,5.0
Estonia,2010,1258853226.89866,1331475.0,32.0,19.6612561493778,1.72,4.6
Estonia,2011,1352344121.715,1327439.0,32.5,19.0701235780373,1.61,4.2
Estonia,2012,1394405238.91226,1322696.0,32.9,19.8039005277181,1.56,3.9
Estonia,2013,1413176509.34604,1317997.0,35.1,20.0373112685327,1.52,3.6
Estonia,2014,1455392682.02426,1314545.0,34.6,20.6119031773554,1.54,3.4
Estonia,2015,1482243027.71369,1315407.0,32.7,21.5133949870117,1.58,3.1
Estonia,2016,1529494224.16303,1315790.0,31.2,21.5924245541388,1.6,2.9
Estonia,2017,1613603477.8319,1317384.0,30.4,20.9206250313315,1.59,2.7
Estonia,2018,1683883408.75594,1321977.0,30.3,20.9548187431581,1.67,2.6
Finland,2006,247779130164.083,5266268.0,28.0,21.4202675581416,1.84,3.6
Finland,2007,260909780066.563,5288720.0,28.3,21.0651513855628,1.83,3.5
Finland,2008,262955299855.628,5313399.0,27.8,20.4910817697475,1.85,3.3
Finland,2009,241723112398.309,5338871.0,27.5,18.8828426328908,1.86,3.2
Finland,2010,249424310816.667,5363352.0,27.7,18.6012766884763,1.87,3.0
Finland,2011,255778806281.83,5388272.0,27.6,20.0178789684744,1.83,2.9
Finland,2012,252204180501.055,5413971.0,27.1,20.1355969299184,1.8,2.7
Finland,2013,249930064696.187,5438972.0,27.2,20.6434972420848,1.75,2.6
Finland,2014,249018049503.61,5461512.0,26.8,20.6315219650357,1.71,2.6
Finland,2015,250371859068.695,5479531.0,27.1,20.4707051115264,1.65,2.5
Finland,2016,257410958145.949,5495303.0,27.1,20.8134499213858,1.57,2.4
Finland,2017,265628570361.662,5508214.0,27.4,20.7338898193115,1.49,2.4
Finland,2018,269113179058.496,5515525.0,27.3,20.8035225249897,1.41,2.4
France,2006,2601491774613.78,63621376,29.7,22.5778088478701,2.0,4.5
France,2007,2664571088541.21,64016227,32.4,22.1220175547039,1.98,4.4
France,2008,2671364304886.08,64374979,33.0,22.0052399642638,2.01,4.3
France,2009,2594607624904.28,64707035,32.7,20.7014276846679,2.0,4.3
France,2010,2645187882116.67,65027505,33.7,21.9526594894273,2.03,4.3
France,2011,2703188933543.06,65342789,33.3,21.8164964590897,2.01,4.2
France,2012,2711653557481.26,65659814,33.1,22.5307400790117,2.01,4.2
France,2013,2727281540260.42,65998685,32.5,23.2109178727076,1.99,4.1
France,2014,2753359344138.85,66312067,32.3,23.1614153174882,2.0,4.1
France,2015,2784001820060.14,66548272,32.7,23.197715462657,1.96,4.1
France,2016,2814499568997.83,66724104,31.9,23.0648275010082,1.92,4.2
France,2017,2878991574857.68,66918020,31.6,23.6293346543377,1.9,4.3
France,2018,2930607976267.93,67101930,32.4,24.1956261037571,1.88,4.4
Georgia,2006,10372742886.2052,3880347.0,36.9,15.448262859049,1.711,21.2
Georgia,2007,11677525383.3677,3860158.0,38.1,17.7152843978392,1.763,19.1
Georgia,2008,11959954702.7672,3848449.0,38.5,23.8092991313192,1.816,17.2
Georgia,2009,11523354926.1179,3814419.0,38.2,23.1385522072723,1.866,15.5
Georgia,2010,12243505582.6741,3786695.0,39.5,21.0452029182095,1.911,14.2
Georgia,2011,13149524979.5255,3756441.0,39.6,22.771962462763,1.95,13.0
Georgia,2012,13987019317.7155,3728874.0,39.0,23.1793090023616,1.984,12.1
Georgia,2013,14493531996.848,3717668.0,38.6,21.9902703799168,2.012,11.4
Georgia,2014,15135874439.1589,3719414.0,37.6,21.9991003727027,2.034,10.9
Georgia,2015,15593311953.5165,3725276.0,36.5,22.2472373655518,2.05,10.5
Georgia,2016,16046522019.2231,3727505.0,36.6,22.2870856122335,2.059,10.2
Georgia,2017,16823591412.0209,3728004.0,37.9,22.058260715968,2.062,10.0
Georgia,2018,17638344465.896,3726549.0,36.4,21.7399785647341,2.06,9.8
Germany,2006,3328325430555.39,82376451,31.3,10.8516276183608,1.33,4.6
Germany,2007,3427391543620.05,82266372,31.3,11.3340401272229,1.37,4.5
Germany,2008,3460290359872.83,82110097,31.1,11.4723010889499,1.38,4.4
Germany,2009,3263267090017.34,81902307,30.5,11.6149370535587,1.36,4.3
Germany,2010,3399667820000.01,81776930,30.2,11.1902979254406,1.39,4.2
Germany,2011,3533111333252.44,80274983,30.5,11.4813852299559,1.39,4.1
Germany,2012,3547897319183.13,80425823,30.9,11.6229861108582,1.41,4.0
Germany,2013,3563422609296.38,80645605,31.1,11.611503370267,1.42,4.0
Germany,2014,3642157979491.28,80982500,30.9,11.4825632039024,1.47,3.9
Germany,2015,3696496482672.59,81686611,31.7,11.4787289586211,1.5,3.9
Germany,2016,3778928349350.17,82348669,31.9,11.2961202523973,1.6,3.9
Germany,2017,3877255158232.27,82657002,,11.4429760787273,1.57,3.9
Germany,2018,3926418568780.85,82905782,,11.4876311296892,1.57,3.9
Gibraltar,2006,,33420.0,,,,
Gibraltar,2007,,33524.0,,,,
Gibraltar,2008,,33570.0,,,,
Gibraltar,2009,,33562.0,,,,
Gibraltar,2010,,33585.0,,,,
Gibraltar,2011,,33608.0,,,,
Gibraltar,2012,,33653.0,,,,
Gibraltar,2013,,33694.0,,,,
Gibraltar,2014,,33726.0,,,,
Gibraltar,2015,,33742.0,,,,
Gibraltar,2016,,33738.0,,,,
Gibraltar,2017,,33723.0,,,,
Gibraltar,2018,,33715.0,,,,
Greece,2006,319132136925.793,11020362,35.1,19.9792007372315,1.4,4.3
Greece,2007,329579715229.25,11048473,34.0,20.2428425141791,1.41,4.1
Greece,2008,328475055055.053,11077841,33.6,20.2136126149472,1.5,4.0
Greece,2009,314348217058.93,11107017,33.6,19.7756801998951,1.5,3.9
Greece,2010,297124961971.501,11121341,34.1,20.3860335725714,1.48,3.9
Greece,2011,266968814916.016,11104899,34.8,22.4776944333849,1.4,3.9
Greece,2012,248061138528.468,11045011,36.3,24.2673774197927,1.34,4.0
Greece,2013,241259867501.329,10965211,36.1,24.1592572626798,1.29,4.2
Greece,2014,242944211867.598,10892413,35.8,24.8537593253472,1.3,4.3
Greece,2015,241943520921.99,10820883,36.0,24.9179178811996,1.33,4.4
Greece,2016,240758353595.684,10775971,35.0,26.7090339581115,1.38,4.4
Greece,2017,243842046377.8,10754679,34.4,26.4213970437592,1.35,4.3
Greece,2018,247643489387.938,10732882,32.9,26.9202299388132,1.35,4.0
Hungary,2006,138021450771.415,10071370,28.3,19.8334170837429,1.34,7.2
Hungary,2007,138355712640.943,10055780,27.9,21.4158475371487,1.32,6.9
Hungary,2008,139819916274.643,10038188,27.5,23.2870558924422,1.35,6.5
Hungary,2009,130452605289.135,10022650,27.0,23.3493021310846,1.32,6.2
Hungary,2010,131916516051.985,10000023,29.4,22.6319452216394,1.25,6.0
Hungary,2011,134471881165.37,9971727.0,29.2,21.0686026676279,1.23,5.9
Hungary,2012,132615331004.73,9920362.0,30.8,22.928098776053,1.34,5.7
Hungary,2013,135082972930.623,9893082.0,31.5,22.9140250609754,1.35,5.6
Hungary,2014,140795565306.983,9866468.0,30.9,23.062381494597,1.44,5.4
Hungary,2015,146173151085.081,9843028.0,30.4,23.2536829606787,1.45,5.1
Hungary,2016,149301250250.029,9814023.0,30.3,23.0924665886757,1.53,4.7
Hungary,2017,155746258233.436,9787966.0,30.6,22.9053998082757,1.54,4.4
Hungary,2018,164156103282.558,9775564.0,29.6,22.5534380308276,1.55,4.0
Iceland,2006,13826344571.668,303782.0,30.2,26.7598681109224,2.08,3.0
Iceland,2007,14995342661.6113,311566.0,29.5,25.7687500574191,2.09,2.9
Iceland,2008,15326664220.7095,317414.0,31.8,22.6531395403483,2.15,2.8
Iceland,2009,14152057862.8939,318499.0,28.7,19.7615489724813,2.23,2.7
Iceland,2010,13751161917.7398,318041.0,26.2,19.9944443999562,2.2,2.6
Iceland,2011,14004977998.1585,319014.0,26.8,20.5098142662381,2.02,2.5
Iceland,2012,14153940071.0105,320716.0,26.8,21.4019409430538,2.04,2.5
Iceland,2013,14798292576.4812,323764.0,25.4,21.8460997345767,1.93,2.4
Iceland,2014,15047971591.1662,327386.0,27.8,24.4924220177867,1.93,2.3
Iceland,2015,15715599487.2528,330815.0,26.8,22.6886427980901,1.8,2.2
Iceland,2016,16706261705.8402,335439.0,27.2,37.6146250015414,1.74,2.2
Iceland,2017,17407080835.653,343400.0,26.1,23.92163932587,1.71,2.1
Iceland,2018,18227792282.9059,352721.0,,23.0098456108336,1.71,2.0
Ireland,2006,228618540241.807,4273591.0,32.7,26.8191176357897,1.91,4.9
Ireland,2007,240778055809.957,4398942.0,31.9,25.9292550772921,2.01,4.6
Ireland,2008,230091285255.947,4489544.0,30.9,23.7682335791322,2.06,4.4
Ireland,2009,218414850981.939,4535375.0,32.7,22.027804733643,2.06,4.3
Ireland,2010,222287851794.584,4560155.0,32.3,21.803212160999,2.05,4.2
Ireland,2011,223624003883.013,4580084.0,32.9,21.9540172209012,2.03,4.1
Ireland,2012,223909812167.535,4599533.0,33.2,22.5345558660461,1.98,4.0
Ireland,2013,226656857706.201,4623816.0,33.5,22.8890461339586,1.93,3.9
Ireland,2014,246241019995.408,4657740.0,31.9,23.1130434869945,1.89,3.8
Ireland,2015,308235649867.516,4701957.0,31.8,18.7789629917829,1.85,3.7
Ireland,2016,314381129555.559,4755335.0,32.8,19.0021137111404,1.81,3.6
Ireland,2017,343082365981.679,4807388.0,31.4,18.0882913042429,1.77,3.5
Ireland,2018,372300617924.262,4867316.0,,18.0779956890641,1.75,3.4
Isle of Man,2006,4972840261.35722,81283.0,,,,
Isle of Man,2007,5345803292.39098,82406.0,,,,
Isle of Man,2008,5607747707.21977,83515.0,,,,
Isle of Man,2009,5725510424.31401,84379.0,,,,
Isle of Man,2010,5920177688.50433,84856.0,,,,
Isle of Man,2011,6038581205.69211,84889.0,,,,
Isle of Man,2012,6479624521.44921,84534.0,,,,
Isle of Man,2013,6747992332.26793,83985.0,,,,
Isle of Man,2014,7095871789.32635,83488.0,,,,
Isle of Man,2015,7068496028.90795,83232.0,,,,
Isle of Man,2016,7559919889.41189,83296.0,,,,
Isle of Man,2017,7774450737.09153,83610.0,,,,
Isle of Man,2018,7946530864.96871,84073.0,,,,
Italy,2006,2205941135644.34,58143979,33.7,23.3278211677977,1.37,4.3
Italy,2007,2238745090235.33,58438310,32.9,23.7633479184746,1.4,4.2
Italy,2008,2217208074999.43,58826731,33.8,23.4899640312502,1.45,4.1
Italy,2009,2100118708781.5,59095365,33.8,23.7429449463464,1.45,4.1
Italy,2010,2136099955236.67,59277417,34.7,23.680622988167,1.46,4.0
Italy,2011,2151209302546.05,59379449,35.1,23.6475892912704,1.44,3.9
Italy,2012,2087083780359.59,59539717,35.2,24.9468297858102,1.43,3.8
Italy,2013,2048659201948.41,60233948,34.9,25.1389039339171,1.39,3.7
Italy,2014,2048566038303.31,60789140,34.7,24.8410721949095,1.37,3.6
Italy,2015,2064510116906.73,60730582,35.4,24.739527170909,1.35,3.5
Italy,2016,2091213785858.19,60627498,35.2,25.0703095459877,1.34,3.4
Italy,2017,2126092284053.69,60536709,35.9,24.683679444024,1.32,3.3
Italy,2018,2146114485858.04,60421760,,24.2343793138037,1.29,3.2
Kosovo,2006,4781067617.22701,1719536.0,30.3,,2.43,
Kosovo,2007,5129420147.75939,1733404.0,,,2.43,
Kosovo,2008,5452824810.89492,1747383.0,,,2.38,
Kosovo,2009,5648970563.23905,1761474.0,31.8,,2.33,
Kosovo,2010,5835874320.56211,1775680.0,33.3,,2.29,
Kosovo,2011,6091311019.09824,1791000.0,27.8,,2.24,
Kosovo,2012,6262453993.31822,1807106.0,29.0,,2.2,
Kosovo,2013,6477974525.32932,1818117.0,26.3,,2.16,
Kosovo,2014,6557187251.91169,1812771.0,27.3,,2.13,
Kosovo,2015,6825722616.55141,1788196.0,26.5,,2.09,
Kosovo,2016,7103549409.91045,1777557.0,26.7,,2.06,
Kosovo,2017,7403751552.24491,1791003.0,29.0,,2.02,
Kosovo,2018,7686079901.74985,1797085.0,,,2.0,
Latvia,2006,38970904830.6932,2218357.0,35.6,22.1771321862165,1.46,9.8
Latvia,2007,42878556292.9244,2200325.0,37.5,21.6438653146896,1.54,9.3
Latvia,2008,41451858072.2391,2177322.0,37.2,20.7392143156468,1.58,8.8
Latvia,2009,35540939762.4485,2141669.0,36.0,18.7374571575301,1.46,8.3
Latvia,2010,33974713228.7101,2097555.0,35.0,19.7289754606118,1.36,7.8
Latvia,2011,36172486448.4331,2059709.0,35.8,19.9454822102441,1.33,7.3
Latvia,2012,37710440391.8362,2034319.0,35.2,20.9605241006518,1.44,6.6
Latvia,2013,38581617963.9437,2012647.0,35.5,21.5830694937467,1.52,6.0
Latvia,2014,38995843365.7812,1993782.0,35.1,22.0543769773761,1.65,5.5
Latvia,2015,40558357687.4366,1977527.0,34.2,22.3801218726788,1.7,5.0
Latvia,2016,41520776742.7396,1959537.0,34.3,23.4982534998132,1.74,4.5
Latvia,2017,42870501056.9186,1942248.0,35.6,23.4879989188129,1.69,4.2
Latvia,2018,44595743365.806,1927174.0,35.1,22.8205580750928,1.6,3.9
Liechtenstein,2006,,34975.0,,,1.43,
Liechtenstein,2007,,35217.0,,,1.42,
Liechtenstein,2008,,35469.0,,,1.43,
Liechtenstein,2009,,35723.0,,,1.71,
Liechtenstein,2010,5082366478.08994,35996.0,,,1.4,
Liechtenstein,2011,,36299.0,,,1.69,
Liechtenstein,2012,,36615.0,,,1.51,
Liechtenstein,2013,,36940.0,,,1.45,
Liechtenstein,2014,,37219.0,,,1.59,
Liechtenstein,2015,,37465.0,,,1.4,
Liechtenstein,2016,,37655.0,,,1.61,
Liechtenstein,2017,,37805.0,,,1.44,
Liechtenstein,2018,,37918.0,,,1.58,
Lithuania,2006,10897964391.0828,3269909.0,34.4,20.4842031803465,1.33,8.6
Lithuania,2007,12108453621.6011,3231294.0,34.8,20.3693543521904,1.36,8.0
Lithuania,2008,12425019822.0591,3198231.0,35.7,20.4820339162195,1.45,7.3
Lithuania,2009,10581319790.3218,3162916.0,37.2,17.0401288023968,1.5,6.7
Lithuania,2010,10756042844.3535,3097282.0,33.6,15.9649734661685,1.5,6.1
Lithuania,2011,11405601149.4605,3028115.0,32.5,15.4823769505595,1.55,5.6
Lithuania,2012,11844017031.4634,2987773.0,35.1,15.5299601501495,1.6,5.2
Lithuania,2013,12264488263.5827,2957689.0,35.3,15.6012146391986,1.59,5.0
Lithuania,2014,12698284425.0764,2932367.0,37.7,15.8363378502208,1.63,5.0
Lithuania,2015,12955371854.0676,2904910.0,37.4,16.6948626853888,1.7,4.9
Lithuania,2016,13281695423.2095,2868231.0,38.4,16.9315977516197,1.69,4.7
Lithuania,2017,13850496906.4725,2828403.0,37.3,16.6338953480244,1.63,4.4
Lithuania,2018,14395769626.2351,2801543.0,35.7,16.7720899238486,1.63,4.0
Luxembourg,2006,49648546045.1779,472637.0,30.9,24.1894473407458,1.65,3.5
Luxembourg,2007,53796460668.8657,479993.0,31.1,24.6781108549531,1.61,3.3
Luxembourg,2008,53108088559.7831,488650.0,32.6,24.7124040624538,1.61,3.2
Luxembourg,2009,50793315934.8984,497783.0,31.2,25.1713080493763,1.59,3.1
Luxembourg,2010,53264394998.6001,506953.0,30.5,25.1303306412007,1.63,3.0
Luxembourg,2011,54616903567.9042,518347.0,32.1,24.6258732204128,1.52,3.0
Luxembourg,2012,54424368010.6887,530946.0,34.3,25.7635689259374,1.57,2.9
Luxembourg,2013,56413236518.3812,543360.0,32.0,25.9165828665906,1.55,2.9
Luxembourg,2014,58837192739.3142,556319.0,31.2,25.7201807480038,1.5,2.9
Luxembourg,2015,61370976137.0688,569604.0,32.9,24.1496914827481,1.47,2.9
Luxembourg,2016,64178453456.4681,582014.0,31.7,24.3329620795712,1.41,2.9
Luxembourg,2017,65334423537.5936,596336.0,34.5,25.0104538105792,1.39,2.8
Luxembourg,2018,67366870478.9246,607950.0,35.4,26.7857393230875,1.38,2.8
Malta,2006,7960297513.94763,405308.0,28.0,60.0276661628348,1.36,6.8
Malta,2007,8340378285.12884,406724.0,29.2,62.50279444785,1.35,6.8
Malta,2008,8659511134.94235,409379.0,29.0,25.8058758972557,1.43,6.8
Malta,2009,8561323235.70686,412477.0,30.2,26.0145108231299,1.42,6.8
Malta,2010,9035932122.49768,414508.0,29.0,25.3101189711511,1.36,6.8
Malta,2011,9078134520.83534,416268.0,29.1,25.8081278253627,1.45,6.8
Malta,2012,9451945528.64474,420028.0,29.4,25.6916732523498,1.42,6.9
Malta,2013,9969284127.5679,425967.0,28.8,25.7381548741012,1.36,6.9
Malta,2014,10730293230.9693,434558.0,29.0,25.9932863312529,1.38,7.0
Malta,2015,11761274055.5891,445053.0,29.4,24.3383575630218,1.37,7.0
Malta,2016,12242418065.7844,455356.0,29.1,25.1145813638203,1.37,7.1
Malta,2017,13236432054.2372,467999.0,29.2,25.5525588216747,1.26,7.1
Malta,2018,13921976625.3068,484630.0,28.7,25.7674973462746,1.23,7.1
Moldova,2006,6239767852.66749,2880095.0,35.4,19.5712115118202,1.227,18.7
Moldova,2007,6426960903.2039,2873429.0,34.4,20.5665356541269,1.241,18.1
Moldova,2008,6928263862.95101,2867964.0,34.7,20.4459489526716,1.256,17.7
Moldova,2009,6512568011.12431,2864346.0,32.9,17.6853133213094,1.268,17.3
Moldova,2010,6974960345.3712,2861487.0,32.1,15.160640793259,1.275,17.1
Moldova,2011,7380775144.91523,2859833.0,30.6,15.2403271612774,1.276,16.8
Moldova,2012,7337248195.12826,2859458.0,29.2,15.5953463259033,1.273,16.5
Moldova,2013,8000819052.00779,2858692.0,28.5,15.4696359631486,1.27,16.2
Moldova,2014,8400830055.05566,2856950.0,26.8,16.637494863151,1.265,15.9
Moldova,2015,8372415480.26162,2834530.0,27.0,16.4012368212384,1.261,15.6
Moldova,2016,8741545794.83075,2802170.0,26.3,16.2457922654319,1.259,15.3
Moldova,2017,9151593647.17486,2755158.0,25.9,17.4426122320836,1.259,15.0
Moldova,2018,9545247410.92867,2708214.0,25.7,17.6916295246373,1.262,14.7
Monaco,2006,5145300278.40382,34189.0,,,,4.4
Monaco,2007,5887710460.02917,34524.0,,,,4.3
Monaco,2008,5926971761.89845,34860.0,,,,4.2
Monaco,2009,5257223916.21371,35223.0,,,,4.1
Monaco,2010,5367625613.15127,35609.0,,,,4.0
Monaco,2011,5743359406.07185,36025.0,,,,3.9
Monaco,2012,5800793053.16187,36459.0,,,,3.8
Monaco,2013,6357669097.17619,36899.0,,,,3.7
Monaco,2014,6815421317.77807,37320.0,,,,3.6
Monaco,2015,7149376905.74042,37723.0,,,,3.5
Monaco,2016,7399605196.87127,38070.0,,,,3.4
Monaco,2017,7148018560.25454,38392.0,,,,3.3
Monaco,2018,7584047726.36882,38682.0,,,,3.2
Montenegro,2006,3737915560.04535,615025.0,,,1.83,9.8
Montenegro,2007,3992473234.91718,615875.0,,,1.817,9.0
Montenegro,2008,4280841227.25932,616969.0,,,1.8,8.1
Montenegro,2009,4032762450.51021,618294.0,,,1.78,7.3
Montenegro,2010,4143033275.88493,619428.0,,,1.76,6.6
Montenegro,2011,4276787738.05463,620079.0,,,1.741,5.8
Montenegro,2012,4160296612.28314,620601.0,41.2,,1.728,5.2
Montenegro,2013,4307944887.65039,621207.0,39.0,,1.72,4.6
Montenegro,2014,4384784936.38777,621810.0,38.8,,1.719,4.0
Montenegro,2015,4533444861.21991,622159.0,39.0,,1.723,3.6
Montenegro,2016,4667151600.8246,622303.0,38.5,,1.73,3.1
Montenegro,2017,4887274946.92473,622373.0,,,1.738,2.8
Montenegro,2018,5135444172.57865,622227.0,,,1.745,2.5
Netherlands,2006,818656877650.488,16346101,30.0,21.6000109486679,1.72,5.1
Netherlands,2007,849543512429.438,16381696,29.6,21.595200025841,1.72,4.9
Netherlands,2008,867981366402.608,16445593,29.3,21.1439157722984,1.77,4.7
Netherlands,2009,836153497098.728,16530388,27.9,20.9443347278192,1.79,4.6
Netherlands,2010,847380859016.668,16615394,27.8,20.9861902698271,1.79,4.4
Netherlands,2011,860525340337.452,16693074,27.8,20.2294425079072,1.76,4.3
Netherlands,2012,851658883145.551,16754962,27.6,19.4077486423489,1.72,4.2
Netherlands,2013,850550233737.807,16804432,28.1,19.6920947880502,1.68,4.1
Netherlands,2014,862656926597.85,16865008,28.6,20.6364286139734,1.71,4.1
Netherlands,2015,879557839900.357,16939923,28.2,21.1606242246467,1.66,4.0
Netherlands,2016,898835229746.291,17030314,28.2,21.9051101382534,1.66,4.0
Netherlands,2017,924999447038.053,17131296,28.5,23.0855413427696,1.62,4.0
Netherlands,2018,946837898609.854,17231624,28.1,23.0563304034822,1.59,4.0
North Macedonia,2006,8138242511.94872,2063132.0,,18.0826616858798,1.501,13.3
North Macedonia,2007,8665070571.39311,2065408.0,,19.0748302217282,1.48,12.5
North Macedonia,2008,9139223353.51773,2067309.0,,18.5239461061968,1.468,11.6
North Macedonia,2009,9106448740.75946,2069030.0,42.8,17.1295782664692,1.464,10.7
North Macedonia,2010,9412311665.9492,2070737.0,40.2,16.8656928030442,1.468,10.1
North Macedonia,2011,9632549033.15179,2072484.0,39.4,16.999651001969,1.477,10.0
North Macedonia,2012,9588606960.45675,2074275.0,38.1,16.4166504179317,1.488,10.5
North Macedonia,2013,9869098420.48675,2076065.0,36.2,15.6689580043276,1.497,11.4
North Macedonia,2014,10227260191.7624,2077780.0,35.2,16.2352837081218,1.504,12.5
North Macedonia,2015,10621609552.3164,2079335.0,35.6,16.8182331222247,1.507,13.0
North Macedonia,2016,10924134787.2329,2080746.0,34.5,16.9511578216024,1.506,12.0
North Macedonia,2017,11042309099.238,2081996.0,34.2,17.1611135905492,1.501,9.9
North Macedonia,2018,11360393491.8192,2082957.0,33.0,17.5749310468024,1.496,7.8
Norway,2006,418661275147.645,4660677.0,26.4,28.9094475203683,1.9,3.9
Norway,2007,431197048129.248,4709153.0,27.1,28.1997112552991,1.9,3.7
Norway,2008,433251184624.934,4768212.0,27.0,27.9246209375204,1.96,3.6
Norway,2009,425768848675.368,4828726.0,26.2,25.9668904142137,1.98,3.4
Norway,2010,428757038466.841,4889252.0,25.7,26.8869244165205,1.95,3.3
Norway,2011,432965007871.716,4953088.0,25.3,27.7220866099017,1.88,3.1
Norway,2012,444668526003.851,5018573.0,25.7,27.0450629594005,1.85,3.0
Norway,2013,449266722786.278,5079623.0,26.4,25.1657645290607,1.78,2.9
Norway,2014,458115229920.278,5137232.0,26.8,23.5682851642918,1.75,2.8
Norway,2015,467126944887.83,5188607.0,27.5,22.2235507693574,1.72,2.7
Norway,2016,472132485600.729,5234519.0,28.5,22.0871630406294,1.71,2.6
Norway,2017,483101343264.083,5276968.0,27.0,22.4775458505266,1.62,2.6
Norway,2018,488506420357,5311916.0,27.6,23.4227187033963,1.56,2.5
Poland,2006,403192683978.377,38141267,34.7,17.1551039758526,1.27,7.3
Poland,2007,431664312008.755,38120560,34.0,18.0865307854768,1.31,7.0
Poland,2008,449794050343.249,38125759,33.5,18.2673691301375,1.39,6.7
Poland,2009,462533048121.248,38151603,33.4,16.0518940981396,1.4,6.3
Poland,2010,479834179020.33,38042794,33.2,16.4776575774582,1.41,6.0
Poland,2011,502662952276.722,38063255,33.2,16.6556673658091,1.33,5.7
Poland,2012,509322687626.439,38063164,33.0,15.9934263127355,1.33,5.4
Poland,2013,515056478625.676,38040196,33.1,15.589011880558,1.29,5.2
Poland,2014,532458063874.241,38011735,32.8,15.6175273660565,1.32,5.0
Poland,2015,555014724902.995,37986412,31.8,15.6868645592279,1.32,4.8
Poland,2016,572451795841.21,37970087,31.2,16.2305398427786,1.39,4.7
Poland,2017,600104964680.131,37974826,29.7,16.7944578319308,1.48,4.6
Poland,2018,632232812655.457,37974750,30.2,17.3956838262501,1.46,4.5
Portugal,2006,234931199934.205,10522288,38.1,21.125162349927,1.37,4.4
Portugal,2007,240819937572.726,10542964,36.8,21.347297115583,1.35,4.2
Portugal,2008,241588750226.565,10558177,36.6,21.0468267379946,1.39,4.0
Portugal,2009,234046157573.901,10568247,34.9,19.0577021012005,1.34,3.9
Portugal,2010,238113003233.284,10573100,35.8,19.6428094106757,1.39,3.8
Portugal,2011,234074214334.376,10557560,36.3,21.1333391229728,1.35,3.7
Portugal,2012,224577136198.924,10514844,36.0,20.7701624039787,1.28,3.7
Portugal,2013,222505087211.577,10457295,36.2,22.6620920858294,1.21,3.6
Portugal,2014,224267750933.647,10401062,35.6,22.647399066455,1.23,3.6
Portugal,2015,228286732295.719,10358076,35.5,22.7887191054273,1.31,3.6
Portugal,2016,232896949514.553,10325452,35.2,22.3319932476097,1.36,3.6
Portugal,2017,241063120722.329,10300300,33.8,22.3705879762207,1.38,3.6
Portugal,2018,247931796009.536,10283822,33.5,22.6533467082473,1.42,3.7
Romania,2006,156266346693.626,21193760,39.6,17.9470572343657,1.42,16.7
Romania,2007,167570353781.434,20882982,37.5,17.5395257265186,1.45,15.2
Romania,2008,183166909447.59,20537875,36.4,16.785344992707,1.6,13.9
Romania,2009,173060868628.322,20367487,35.6,15.27296200525,1.66,13.0
Romania,2010,166309355234.589,20246871,35.5,16.606621010398,1.59,12.4
Romania,2011,169479324149.248,20147528,35.9,18.0889295011415,1.47,11.8
Romania,2012,172937829621.072,20058035,36.5,18.0112811932293,1.52,11.3
Romania,2013,179459249986.084,19983693,36.9,17.668864468403,1.46,10.6
Romania,2014,185935438388.184,19908979,36.0,17.9175154870682,1.56,9.8
Romania,2015,191427365158.106,19815616,35.9,18.9351507781876,1.62,9.1
Romania,2016,200430189829.58,19702267,34.4,16.8520236625952,1.69,8.6
Romania,2017,215100574411.243,19588715,36.0,15.4729764935295,1.71,8.1
Romania,2018,224725300753.379,19473970,35.8,14.4941335685545,1.76,7.5
Russian Federation,2006,1386608432989.65,143049637,41.0,16.5682157585873,1.305,12.8
Russian Federation,2007,1504469841529.42,142805114,42.3,16.5513130625157,1.416,11.9
Russian Federation,2008,1582701810889.97,142742366,41.6,15.8180678239761,1.502,11.2
Russian Federation,2009,1459251165972.78,142785349,39.8,12.9563524123963,1.542,10.7
Russian Federation,2010,1524917468442.01,142849468,39.5,13.0483488461042,1.567,10.4
Russian Federation,2011,1590489364644.29,142960908,39.7,13.9542036796753,1.582,10.1
Russian Federation,2012,1654492026998.83,143201721,40.7,13.7546730412872,1.691,9.8
Russian Federation,2013,1683535346495.76,143506995,40.9,12.933492451261,1.707,9.5
Russian Federation,2014,1695930665412.95,143819667,39.9,13.2553613046452,1.75,8.9
Russian Federation,2015,1662474715110.35,144096870,37.7,10.6420948088217,1.777,8.2
Russian Federation,2016,1665694763578.53,144342397,36.8,9.18312209969854,1.762,7.5
Russian Federation,2017,1696106853061.04,144496739,37.2,10.2884056740183,1.621,6.9
Russian Federation,2018,1743720734850.68,144477859,37.5,11.4687730024336,1.579,6.3
San Marino,2006,2082324147.78876,29694.0,,17.2225010598291,,3.7
San Marino,2007,2230363289.08025,30068.0,,17.6382630770194,,3.4
San Marino,2008,2219190523.69976,30434.0,,17.6709153176255,,3.2
San Marino,2009,1990148833.39972,30825.0,,16.9391091898649,,2.9
San Marino,2010,1881214370.93994,31221.0,,15.5920229527836,,2.7
San Marino,2011,1724795655.61309,31655.0,,16.1530355640829,,2.5
San Marino,2012,1603291832.10026,32103.0,,18.0162574059247,1.26,2.4
San Marino,2013,1590722471.04721,32554.0,,17.0662396360759,,2.2
San Marino,2014,1579549705.66672,32941.0,,18.3455831253968,,2.1
San Marino,2015,1615745175.01546,33270.0,,17.8902228816041,,2.0
San Marino,2016,1653624799.59014,33503.0,,16.6895193629214,,1.9
San Marino,2017,1657895541.39012,33671.0,,16.4688470032622,,1.8
San Marino,2018,1683506067.26526,33784.0,,17.9568167650591,,1.7
Serbia,2006,37953228515.7138,7411569.0,,,1.43,8.4
Serbia,2007,40397236364.6127,7381579.0,,21.3021144678086,1.38,8.1
Serbia,2008,42681933020.219,7350222.0,,21.1478438150125,1.4,8.0
Serbia,2009,41515968465.9198,7320807.0,,20.0048064707481,1.44,7.8
Serbia,2010,41819468691.8251,7291436.0,,20.2292670544804,1.4,7.6
Serbia,2011,42671028784.1099,7234099.0,,19.0547409429858,1.4,7.4
Serbia,2012,42380207643.5152,7199077.0,39.9,18.5525002126608,1.45,7.1
Serbia,2013,43606113097.5697,7164132.0,39.5,20.8387384343401,1.43,6.9
Serbia,2014,42912989429.7754,7130576.0,40.5,21.9701414004315,1.46,6.6
Serbia,2015,43688023451.3019,7095383.0,40.5,22.3552132868459,1.46,6.3
Serbia,2016,45146586020.325,7058322.0,38.8,23.2899150584378,1.46,6.0
Serbia,2017,46095189764.125,7020858.0,36.2,24.068038298589,1.49,5.8
Serbia,2018,48167224454.1516,6982604.0,,23.5981870443934,1.49,5.5
Slovakia,2006,77183191548.8511,5373054.0,25.8,16.800847388085,1.25,7.9
Slovakia,2007,85543697111.3733,5374622.0,24.7,16.7489005333346,1.27,7.7
Slovakia,2008,90312661014.7879,5379233.0,26.0,16.4458086884117,1.34,7.4
Slovakia,2009,85385623781.6126,5386406.0,27.2,15.5233082674625,1.44,7.2
Slovakia,2010,90398832433.9335,5391428.0,27.3,15.1303826918297,1.43,7.0
Slovakia,2011,92972684423.6731,5398384.0,26.5,16.0772497570946,1.45,6.8
Slovakia,2012,94736136629.9989,5407579.0,26.1,15.5316024121852,1.34,6.6
Slovakia,2013,95367586177.8506,5413393.0,28.1,16.7025974186112,1.34,6.5
Slovakia,2014,97886806555.4282,5418649.0,26.1,17.4551528580795,1.37,6.4
Slovakia,2015,102599958081.508,5423801.0,26.5,18.1892767842327,1.4,6.2
Slovakia,2016,104788135893.823,5430798.0,25.2,18.1394732748866,1.48,6.1
Slovakia,2017,107920798507.243,5439232.0,,18.6056976775634,1.52,6.0
Slovakia,2018,111860040781.458,5446771.0,25.0,18.624405804123,1.54,5.9
Slovenia,2006,46464917542.2106,2006868.0,24.4,20.893860031577,1.31,4.0
Slovenia,2007,49708243481.106,2018122.0,24.4,20.0747511166279,1.38,3.8
Slovenia,2008,51452924048.1751,2021316.0,23.7,19.4079592154111,1.53,3.6
Slovenia,2009,47569032084.5723,2039669.0,24.8,17.9971511182466,1.53,3.4
Slovenia,2010,48208240226.4501,2048583.0,24.9,18.0573023653755,1.57,3.2
Slovenia,2011,48623471168.9764,2052843.0,24.9,17.8391642699425,1.56,3.1
Slovenia,2012,47340084426.0571,2057159.0,25.6,17.8673169141809,1.58,2.9
Slovenia,2013,46852821092.7902,2059953.0,26.2,17.8998694064708,1.55,2.8
Slovenia,2014,48149781597.2791,2061980.0,25.7,18.168817949332,1.58,2.6
Slovenia,2015,49213931063.9334,2063531.0,25.4,18.4938830799173,1.57,2.5
Slovenia,2016,50784767161.7182,2065042.0,24.8,18.6066578234862,1.58,2.4
Slovenia,2017,53219159738.4832,2066388.0,24.2,18.3463608388814,1.62,2.3
Slovenia,2018,55552554713.0659,2073894.0,24.6,18.5312483312926,1.61,2.2
Spain,2006,1411461390559.29,44397319,33.5,,1.36,4.5
Spain,2007,1462340169523.89,45226803,34.1,,1.38,4.4
Spain,2008,1475313249889.36,45954106,34.2,,1.45,4.2
Spain,2009,1419793790647.73,46362946,34.9,,1.38,4.0
Spain,2010,1422108199783.34,46576897,35.2,,1.37,3.8
Spain,2011,1410526928100.77,46742697,35.7,,1.34,3.7
Spain,2012,1368783211618.46,46773055,35.4,,1.32,3.6
Spain,2013,1349135775978.08,46620045,36.2,,1.27,3.5
Spain,2014,1367806573139.25,46480882,36.1,,1.32,3.4
Spain,2015,1420264316878.6,46444832,36.2,,1.33,3.3
Spain,2016,1463316808003.09,46484062,35.8,,1.34,3.2
Spain,2017,1506830599353.93,46593236,34.7,13.7223107291971,1.31,3.2
Spain,2018,1543447293320.58,46797754,34.7,14.2212397684517,1.26,3.2
Sweden,2006,475064446275.73,9080505.0,26.4,28.5603081429543,1.85,3.5
Sweden,2007,491402966162.082,9148092.0,27.1,28.5070406755097,1.88,3.3
Sweden,2008,489188904610.127,9219637.0,28.1,27.4719371629243,1.91,3.2
Sweden,2009,467959130636.214,9298515.0,27.3,27.2335384612622,1.94,3.1
Sweden,2010,495812558843.31,9378126.0,27.7,27.3995188579747,1.98,3.1
Sweden,2011,511655422318.786,9449213.0,27.6,26.6327333985174,1.9,3.0
Sweden,2012,508645330091.796,9519374.0,27.6,26.3039107303439,1.91,3.0
Sweden,2013,514686895802.716,9600379.0,28.8,26.4675406280059,1.89,2.9
Sweden,2014,528366235242.641,9696110.0,28.4,26.5148908140545,1.88,2.9
Sweden,2015,552086083358.095,9799186.0,29.2,27.1368417099522,1.85,2.9
Sweden,2016,563517539985.087,9923085.0,29.6,28.120504703138,1.85,2.8
Sweden,2017,577988245098.533,10057698,28.8,28.1273850866599,1.78,2.7
Sweden,2018,589259147923.413,10175214,30.0,27.9091466033843,1.76,2.7
Switzerland,2006,558432011619.952,7483934.0,33.9,9.14914050100734,1.44,4.9
Switzerland,2007,580745403737.188,7551117.0,34.3,9.01425283337186,1.46,4.8
Switzerland,2008,596747909749.776,7647675.0,33.8,9.53609776378747,1.48,4.7
Switzerland,2009,584337741980.175,7743831.0,32.9,9.28175595937054,1.5,4.6
Switzerland,2010,603434493402.679,7824909.0,32.6,9.29288250859921,1.52,4.6
Switzerland,2011,615023126905.369,7912398.0,31.7,9.24255046292749,1.52,4.5
Switzerland,2012,622509149394.166,7996861.0,31.6,9.09370056598109,1.52,4.4
Switzerland,2013,633849198063.623,8089346.0,32.5,9.17162958719373,1.52,4.4
Switzerland,2014,649358506468.394,8188649.0,32.5,8.9900958525177,1.54,4.4
Switzerland,2015,660123368612.609,8282396.0,32.3,9.44687261718764,1.54,4.3
Switzerland,2016,673624122427.937,8373338.0,33.0,9.30042803315799,1.54,4.2
Switzerland,2017,684299849661.364,8451840.0,32.7,9.92912781437063,1.52,4.2
Switzerland,2018,704920576240.946,8514329.0,33.1,9.55511205283755,1.52,4.1
Ukraine,2006,139607929641.793,46787786,29.8,17.7648807443407,1.31,13.9
Ukraine,2007,150209086270.689,46509355,27.0,16.5007145565375,1.345,13.4
Ukraine,2008,153669941036.719,46258189,26.6,17.8801019077614,1.458,12.9
Ukraine,2009,130990467246.875,46053331,25.3,16.3877521496974,1.473,12.3
Ukraine,2010,136013155905.036,45870741,24.8,15.5705214083343,1.443,11.7
Ukraine,2011,143446957451.616,45706086,24.6,18.5150527965194,1.459,11.2
Ukraine,2012,143789339118.051,45593342,24.7,18.316557139084,1.531,10.7
Ukraine,2013,143750950398.359,45489648,24.6,17.5613807826656,1.506,10.2
Ukraine,2014,134331480637.625,45272155,24.0,17.294347838416,1.498,9.8
Ukraine,2015,121203317705.377,45154036,25.5,20.4513654211322,1.506,9.5
Ukraine,2016,123912293812.632,45004673,25.0,19.6301198096561,1.466,9.2
Ukraine,2017,126968015121.443,44831135,26.0,20.0345254939706,1.374,8.9
Ukraine,2018,131291651249.309,44622518,26.1,20.1408893342575,1.301,8.6
United Kingdom,2006,2483917165662.06,60846820,34.6,25.7565857243974,1.82,5.9
United Kingdom,2007,2542551914678.86,61322463,35.7,25.9294282009075,1.86,5.8
United Kingdom,2008,2535463784367.3,61806995,34.1,26.4974431480331,1.91,5.6
United Kingdom,2009,2431156088971.62,62276270,34.3,24.1525256810889,1.89,5.4
United Kingdom,2010,2481579504997.81,62766365,34.4,25.2945934283795,1.92,5.2
United Kingdom,2011,2513237223477.67,63258810,33.2,25.8381065222773,1.91,5.0
United Kingdom,2012,2549186468912.68,63700215,32.3,25.0789533640618,1.92,4.8
United Kingdom,2013,2604914574687.66,64128273,33.2,25.0962177925965,1.83,4.7
United Kingdom,2014,2679486211063.81,64602298,34.0,24.8771878596335,1.81,4.5
United Kingdom,2015,2742804332759.55,65116219,33.2,25.0033209334454,1.8,4.5
United Kingdom,2016,2790046007973.58,65611593,34.8,25.415949771195,1.79,4.4
United Kingdom,2017,2838601442114.14,66058859,35.1,25.6570007980638,1.74,4.4
United Kingdom,2018,2874157497314.14,66460344,,25.6203216745604,1.68,4.3
